<?xml version="1.0" encoding="UTF-8"?>
<project-private xmlns="http://www.netbeans.org/ns/project-private/1">
    <editor-bookmarks xmlns="http://www.netbeans.org/ns/editor-bookmarks/2" lastBookmarkId="0"/>
    <open-files xmlns="http://www.netbeans.org/ns/projectui-open-files/2">
        <group>
            <file>file:/D:/ArchivosComputadora/Archivos/Documentos/NetBeansProjects/SecretariaDeSalud/SS/src/Funciones/Conexion.java</file>
            <file>file:/D:/ArchivosComputadora/Archivos/Documentos/NetBeansProjects/SecretariaDeSalud/SS/src/Funciones/DocumentosPDF.java</file>
            <file>file:/D:/ArchivosComputadora/Archivos/Documentos/NetBeansProjects/SecretariaDeSalud/SS/src/Vistas/FrmPacientes.java</file>
            <file>file:/D:/ArchivosComputadora/Archivos/Documentos/NetBeansProjects/SecretariaDeSalud/SS/src/Vistas/FrmPrincipal.java</file>
            <file>file:/D:/ArchivosComputadora/Archivos/Documentos/NetBeansProjects/SecretariaDeSalud/SS/src/Vistas/FrmMedico.java</file>
            <file>file:/D:/ArchivosComputadora/Archivos/Documentos/NetBeansProjects/SecretariaDeSalud/SS/src/Funciones/Pacientes.java</file>
        </group>
    </open-files>
</project-private>
